time,capture_type,x0,y0,z0,x1,y1,z1,x2,y2,z2,x3,y3,z3,x4,y4,z4,x5,y5,z5,x6,y6,z6,x7,y7,z7,x8,y8,z8,x9,y9,z9,x10,y10,z10,x11,y11,z11,x12,y12,z12,x13,y13,z13,x14,y14,z14,x15,y15,z15,x16,y16,z16,x17,y17,z17,x18,y18,z18,x19,y19,z19,x20,y20,z20
2025-11-27T00:38:42Z|0.000s,video,0.252807915,0.510837555,0.000000281,0.267713130,0.477963269,-0.001788861,0.276828796,0.437629163,-0.010151394,0.292900711,0.407355517,-0.020644115,0.306779444,0.377866745,-0.032818627,0.236283213,0.388772190,-0.014330091,0.236512944,0.324897498,-0.032203667,0.238348678,0.279104054,-0.045178723,0.242740467,0.244061351,-0.054105580,0.232743576,0.387046039,-0.026577398,0.226661250,0.317309618,-0.044507336,0.224875569,0.266337514,-0.059108634,0.224180460,0.225280866,-0.069568917,0.228727221,0.397797376,-0.039300729,0.214835525,0.333567023,-0.056301266,0.208822101,0.284408927,-0.068612337,0.204470709,0.244891390,-0.077293128,0.225843161,0.417420030,-0.051865686,0.206522048,0.375514895,-0.067506231,0.196239784,0.340984523,-0.075540744,0.187849015,0.312078267,-0.081198722
2025-11-27T00:38:44Z|0.100s,video,0.246490240,0.540186048,0.000000225,0.266675323,0.501322687,0.003232942,0.274813384,0.448039979,0.001529819,0.291410536,0.413539201,-0.003820687,0.311101824,0.386122495,-0.010871528,0.236403808,0.401002496,0.003271722,0.240731224,0.337944537,-0.010677052,0.246287748,0.291733533,-0.023064585,0.253638536,0.256890446,-0.032113928,0.232856959,0.395532250,-0.010617902,0.226395637,0.322692513,-0.023993228,0.223828137,0.267685503,-0.037725281,0.221526235,0.222518787,-0.047793467,0.228655115,0.401453763,-0.025777627,0.215522200,0.330272138,-0.039504223,0.208487421,0.279127806,-0.051751852,0.202038929,0.237721696,-0.060398359,0.225940272,0.416297615,-0.040953849,0.206610709,0.368893176,-0.054160651,0.196241647,0.330895603,-0.061960865,0.189078137,0.298639357,-0.067696944
2025-11-27T00:38:46Z|0.200s,video,0.240266919,0.551749468,0.000000192,0.261070848,0.512452841,0.003994373,0.268680662,0.454419315,0.003306449,0.283279419,0.417164057,-0.001406015,0.302976668,0.388362795,-0.007715912,0.235663801,0.399370551,0.005807089,0.239529178,0.336574137,-0.007479928,0.244377643,0.289961040,-0.019303534,0.251084715,0.252918661,-0.028253177,0.232018620,0.392752737,-0.008555227,0.225183859,0.317706764,-0.021674903,0.223801807,0.263325214,-0.034317713,0.223352537,0.217507511,-0.043367576,0.227542177,0.398904473,-0.024435744,0.212868556,0.324140012,-0.038686153,0.204817414,0.272561580,-0.050719704,0.197728217,0.229673401,-0.059062976,0.223934516,0.415186882,-0.040273342,0.205227017,0.364066541,-0.054201804,0.194641516,0.325318217,-0.062235087,0.186365485,0.291658580,-0.068013303
2025-11-27T00:38:48Z|0.300s,video,0.235584885,0.564975619,0.000000098,0.258360207,0.525705457,0.004525080,0.266197026,0.471708924,0.002971526,0.278885633,0.433427453,-0.003461652,0.297625810,0.404439598,-0.010903965,0.238736361,0.410401046,0.009916870,0.259969771,0.371412516,-0.006453553,0.284983993,0.363581806,-0.022900714,0.306840479,0.359598577,-0.033851482,0.234266996,0.399604112,-0.005480624,0.229802653,0.322330356,-0.016204422,0.230767831,0.271574616,-0.028465714,0.231292710,0.232571200,-0.038042635,0.226520821,0.404432029,-0.023194294,0.215191945,0.327352524,-0.035058569,0.209326401,0.277606905,-0.045600872,0.203420252,0.237520576,-0.053252283,0.219112843,0.420924485,-0.041071519,0.203924447,0.366709590,-0.051455062,0.195927680,0.328289449,-0.055349413,0.189746559,0.295250893,-0.058498822
2025-11-27T00:38:50Z|0.400s,video,0.234906346,0.567736387,0.000000096,0.258666039,0.521966577,0.007059208,0.266204894,0.465077728,0.005775569,0.279549539,0.425201178,-0.001091057,0.299297273,0.396782845,-0.009059866,0.240445256,0.406622559,0.010622826,0.257086098,0.362795800,-0.005615233,0.280016989,0.356346488,-0.021492198,0.300760359,0.354054242,-0.032052662,0.235279888,0.398768425,-0.006282841,0.230666518,0.320045799,-0.017391957,0.231558621,0.267839432,-0.030000938,0.231839955,0.228640884,-0.039801989,0.227457911,0.406403571,-0.025272056,0.216839716,0.326958448,-0.037444156,0.212086111,0.274864972,-0.048383392,0.207210749,0.232949525,-0.056500815,0.220274463,0.425516635,-0.044140510,0.206577599,0.370295852,-0.055294648,0.198422328,0.330362737,-0.059887026,0.191620782,0.295379788,-0.063546009
2025-11-27T00:38:53Z|0.500s,video,0.235712469,0.579439759,0.000000090,0.258799374,0.531448245,0.005061991,0.264346123,0.472811013,0.002694574,0.274940550,0.432360917,-0.005121009,0.293719769,0.403319001,-0.013650098,0.239031836,0.417408735,0.010374840,0.260450184,0.381074607,-0.011380197,0.286696613,0.384996265,-0.031684823,0.309750736,0.392384320,-0.043688588,0.233385652,0.409818709,-0.006399880,0.229508832,0.329513311,-0.019541444,0.228716418,0.276745558,-0.033765484,0.227084756,0.233825609,-0.044567991,0.225061893,0.418154836,-0.026035072,0.214375764,0.340871394,-0.039330840,0.208482444,0.288337111,-0.050392915,0.202405542,0.243696406,-0.058263060,0.217036754,0.438229233,-0.045969788,0.203757823,0.381264985,-0.055455159,0.197420597,0.341109544,-0.058055740,0.192796290,0.305826724,-0.060521819
2025-11-27T00:38:55Z|0.600s,video,0.222522035,0.581764996,0.000000058,0.250004113,0.539380193,0.008430131,0.257973164,0.480749369,0.007913200,0.270225555,0.439615756,0.001243055,0.291285306,0.413833231,-0.006460864,0.235015899,0.421328783,0.014535290,0.262469023,0.390880018,-0.005501533,0.290009081,0.394836396,-0.024949983,0.313376904,0.405215830,-0.036532875,0.230817854,0.410668850,-0.003542043,0.229752868,0.330403507,-0.015119256,0.231512144,0.277512789,-0.028298512,0.231975377,0.236077681,-0.038404163,0.222653985,0.415692478,-0.024256151,0.213327155,0.333662122,-0.036915466,0.209517941,0.280276775,-0.048326258,0.205210626,0.235523134,-0.056439791,0.215211779,0.432841569,-0.044854075,0.198526114,0.376398295,-0.054833408,0.190989256,0.334853828,-0.058260135,0.185916975,0.298234850,-0.061290208
2025-11-27T00:38:57Z|0.700s,video,0.220656544,0.585011005,0.000000078,0.246887863,0.538161218,0.009104972,0.256957680,0.477983445,0.008688926,0.272568196,0.440215468,0.001886702,0.293319046,0.420988441,-0.005510775,0.234253481,0.417485416,0.014678434,0.259625524,0.381927162,-0.005851915,0.287189871,0.391924918,-0.025083825,0.310435712,0.407165229,-0.036321871,0.228964567,0.409753025,-0.003504012,0.227673829,0.327767193,-0.014935284,0.231359944,0.275481761,-0.027844459,0.233500019,0.235638469,-0.037853602,0.220564097,0.417827040,-0.024419829,0.211031482,0.336484134,-0.036384422,0.207992122,0.283742368,-0.047542654,0.204104662,0.240149781,-0.055780806,0.213273108,0.437736541,-0.045305341,0.200009376,0.382179052,-0.055009484,0.193198636,0.341745228,-0.058963541,0.187957227,0.305521309,-0.062525012
2025-11-27T00:38:59Z|0.800s,video,0.228572324,0.591224432,0.000000182,0.251370430,0.542661905,0.004823618,0.259765089,0.477282017,0.005740183,0.268776953,0.435553104,0.001969297,0.284907490,0.416832626,-0.002944528,0.236250892,0.414961785,0.010160173,0.243308932,0.345662773,-0.001188531,0.251183391,0.307069302,-0.010863918,0.260037392,0.277293801,-0.018164409,0.230029255,0.410612553,-0.004363073,0.230720878,0.326853007,-0.015404147,0.234036282,0.273256660,-0.025664963,0.237906381,0.230063945,-0.032850284,0.222247586,0.420653790,-0.020858547,0.214387715,0.339980066,-0.033294972,0.212322742,0.287721753,-0.044317510,0.211302653,0.245680705,-0.051839918,0.213920474,0.442090929,-0.037505135,0.202852547,0.385071397,-0.048467860,0.197101876,0.344463259,-0.054889992,0.192854568,0.309181064,-0.059878092
2025-11-27T00:39:01Z|0.900s,video,0.207618341,0.596030176,0.000000316,0.227289736,0.552405596,-0.011375703,0.235670924,0.487958670,-0.017539099,0.240148008,0.440930486,-0.023629386,0.252308488,0.407027811,-0.029249515,0.207880303,0.416400522,-0.011637136,0.205978557,0.328843623,-0.026390415,0.206689224,0.274572730,-0.035933416,0.208615094,0.233712226,-0.041915897,0.196796447,0.414052784,-0.016953642,0.190749288,0.324102491,-0.030720776,0.190060645,0.266949594,-0.040842481,0.191824257,0.224121571,-0.046968389,0.186008215,0.425560981,-0.024391545,0.173322439,0.342155695,-0.038530529,0.167300612,0.287410378,-0.049524076,0.164829075,0.243859559,-0.056326881,0.175667480,0.449606895,-0.032841634,0.162829474,0.394639224,-0.046354838,0.154330909,0.355258316,-0.053838987,0.148045748,0.322239578,-0.058181122
2025-11-27T00:39:03Z|1.000s,video,0.206276312,0.627441525,0.000000280,0.231492400,0.566563070,-0.004523289,0.235943884,0.495930254,-0.009135767,0.236723423,0.450190008,-0.016126277,0.245437071,0.411550105,-0.024010271,0.207862884,0.433129132,-0.007254314,0.210497677,0.339275688,-0.023877425,0.211701751,0.281757236,-0.035390660,0.212489977,0.235915393,-0.043543939,0.194104791,0.438339114,-0.019287094,0.184679583,0.342560381,-0.036803242,0.178478748,0.282112569,-0.050912317,0.173425034,0.234947205,-0.060429361,0.181815267,0.457741082,-0.033177130,0.171139419,0.363943666,-0.052024312,0.166146442,0.303626716,-0.065705024,0.161893427,0.255640298,-0.074305594,0.170817673,0.489187986,-0.047288127,0.161384076,0.423902243,-0.065430969,0.154598147,0.375736952,-0.074706234,0.147930205,0.334348500,-0.080530323
2025-11-27T00:39:05Z|1.100s,video,0.198512927,0.638985157,0.000000275,0.231568649,0.572433949,-0.000637131,0.240826011,0.499051034,-0.003208064,0.241330251,0.452938795,-0.009460899,0.251049638,0.415890455,-0.016726283,0.211768746,0.436370403,0.000988954,0.215892270,0.342720777,-0.014482952,0.218799323,0.283571601,-0.026133947,0.221588567,0.235646307,-0.034623258,0.198627532,0.440186381,-0.013047869,0.191435412,0.344747633,-0.029499499,0.186898127,0.281172961,-0.043671064,0.183596492,0.230908662,-0.053432383,0.187820122,0.458190143,-0.029162524,0.178110912,0.363471001,-0.046769567,0.174400926,0.299717069,-0.060015585,0.172343329,0.249169812,-0.068432964,0.178883955,0.487388819,-0.045518573,0.169278562,0.420212358,-0.062230021,0.162677139,0.369925320,-0.071102671,0.157126486,0.327162206,-0.076846026
2025-11-27T00:39:07Z|1.200s,video,0.198256969,0.635308743,0.000000289,0.229659617,0.562646151,0.002985574,0.236020997,0.488690436,0.001089887,0.239821196,0.441975534,-0.005669789,0.251766235,0.407278597,-0.013694586,0.208917901,0.423337728,0.005003494,0.215265721,0.329189926,-0.010471882,0.219694912,0.272003591,-0.022547467,0.223285049,0.224300131,-0.031532574,0.196147665,0.427650839,-0.011585532,0.190500408,0.331171334,-0.027992658,0.186363116,0.269463778,-0.042743251,0.183642283,0.220739797,-0.053117156,0.183891565,0.446225375,-0.030173162,0.175166935,0.351539373,-0.047981016,0.171587989,0.292217255,-0.061195832,0.169595987,0.245543525,-0.069700353,0.173220947,0.476829320,-0.048771642,0.163212299,0.408248812,-0.065444618,0.157070041,0.359988749,-0.073828623,0.152070478,0.318714142,-0.079324588
2025-11-27T00:39:09Z|1.300s,video,0.196502209,0.638276756,0.000000277,0.229384258,0.566823900,0.000287887,0.237948999,0.490448028,-0.002652516,0.241592124,0.440156728,-0.009591651,0.252803832,0.404925793,-0.017659098,0.210109159,0.425377160,-0.000038112,0.215197623,0.328151166,-0.016218415,0.218503311,0.270871282,-0.027775444,0.221011102,0.224426135,-0.036029566,0.196050391,0.429118514,-0.015102141,0.194384813,0.328579277,-0.032573771,0.192190543,0.265336126,-0.046688158,0.189827174,0.216313392,-0.056158647,0.182554632,0.447704107,-0.032178741,0.175646424,0.349400699,-0.050686285,0.172377020,0.286650628,-0.064250350,0.170074791,0.238052532,-0.072746515,0.169464797,0.478988379,-0.049345396,0.159937367,0.407768697,-0.066219516,0.154135257,0.357308447,-0.074847035,0.149419114,0.314986825,-0.080467679
2025-11-27T00:39:11Z|1.400s,video,0.199476272,0.642537713,0.000000276,0.233218089,0.568078041,-0.000048153,0.242178291,0.490046740,-0.002976211,0.244572222,0.439454436,-0.010055855,0.255025536,0.407419920,-0.018049385,0.213068292,0.425193787,0.000897485,0.218439549,0.327675015,-0.015243124,0.221650302,0.269209027,-0.027040651,0.224073306,0.221386582,-0.035683982,0.197755456,0.430178612,-0.014181154,0.193065867,0.330429614,-0.031771936,0.189538077,0.266986072,-0.045806091,0.186407015,0.218049943,-0.055242091,0.184204787,0.449670613,-0.031377673,0.175167009,0.351888865,-0.050031349,0.171839714,0.289216846,-0.062887117,0.169793755,0.240662470,-0.070788868,0.172470346,0.481167614,-0.048851546,0.163053170,0.411035806,-0.065620609,0.157190844,0.360553503,-0.073872685,0.152402520,0.318341553,-0.079182953
2025-11-27T00:39:13Z|1.500s,video,0.192573294,0.642289639,0.000000276,0.228314012,0.563616693,0.005137509,0.234592050,0.487133145,0.003759844,0.240125149,0.440548569,-0.002976832,0.252565026,0.409203172,-0.011336668,0.206714809,0.419954568,0.005227840,0.213447154,0.323593020,-0.010720109,0.218395531,0.265951037,-0.023025678,0.222333610,0.218330786,-0.032209497,0.193673447,0.425005376,-0.012896816,0.191970348,0.325875908,-0.029640125,0.191199705,0.264310122,-0.044256661,0.190711975,0.215297833,-0.054571334,0.180808753,0.445315570,-0.032918099,0.172809318,0.349663824,-0.050899561,0.170137227,0.287902564,-0.064614110,0.168621495,0.238387704,-0.073760144,0.168884486,0.478687584,-0.052746579,0.158892572,0.408967316,-0.068768233,0.153557181,0.360502124,-0.076821111,0.149351701,0.318691432,-0.082602754
2025-11-27T00:39:15Z|1.600s,video,0.195002809,0.649526358,0.000000260,0.230726287,0.571398318,0.000911609,0.240646467,0.493003309,-0.001785410,0.242752969,0.443359941,-0.008953316,0.252129912,0.412329614,-0.017178817,0.211151823,0.424993545,0.002906046,0.216771901,0.328330368,-0.013351236,0.220609382,0.271241665,-0.025594797,0.223060668,0.223785996,-0.034539200,0.196204945,0.430695117,-0.012887103,0.193623021,0.331252992,-0.030515103,0.191480502,0.269567013,-0.044983700,0.189252838,0.221369743,-0.054788765,0.181823954,0.450541615,-0.030898638,0.173905209,0.353930414,-0.049560856,0.170591027,0.291713655,-0.062712066,0.168169603,0.243200064,-0.070843346,0.168249801,0.482303411,-0.049135458,0.158358812,0.410760790,-0.065141931,0.152896881,0.360510767,-0.072837867,0.148360401,0.318550587,-0.077955879
2025-11-27T00:39:17Z|1.700s,video,0.187837645,0.648093760,0.000000245,0.224813774,0.568945348,0.005659097,0.234338090,0.492350370,0.004401383,0.239972726,0.443182617,-0.002341592,0.252178013,0.411534548,-0.010795380,0.205109015,0.424931884,0.005904128,0.212253466,0.328638673,-0.009511295,0.216897607,0.272311330,-0.021021266,0.220079288,0.225283116,-0.029529922,0.193091482,0.428995907,-0.012366201,0.193774223,0.328208923,-0.028690631,0.194044948,0.267505944,-0.042283040,0.193624571,0.220107868,-0.051695865,0.180547982,0.448533356,-0.032516494,0.173035622,0.351798981,-0.050094578,0.169379771,0.289967060,-0.062779963,0.166618437,0.241458759,-0.071062811,0.168371513,0.480542570,-0.052492425,0.157004446,0.407966226,-0.067893989,0.150973350,0.358342826,-0.075231239,0.146083787,0.316551954,-0.080437101
2025-11-27T00:39:19Z|1.800s,video,0.188241139,0.645901024,0.000000244,0.223967880,0.566958129,0.004138338,0.232341796,0.490236878,0.002105556,0.236517891,0.440557778,-0.005003382,0.247002602,0.408602148,-0.013698180,0.204559445,0.422343642,0.004023984,0.211328045,0.327249914,-0.012317256,0.215798184,0.271091342,-0.024505610,0.219199017,0.223988995,-0.033431154,0.192206994,0.427361190,-0.013401771,0.191635713,0.327527583,-0.030548578,0.191563144,0.266367584,-0.044498071,0.191086054,0.217616141,-0.054166950,0.179382831,0.447384506,-0.032804765,0.171458036,0.350710690,-0.051147297,0.169051275,0.289388150,-0.063947067,0.167477414,0.240850881,-0.072135977,0.167146698,0.479573309,-0.052148316,0.155617088,0.407035738,-0.068133473,0.150452793,0.357313603,-0.075787738,0.146531016,0.314994812,-0.081120446
2025-11-27T00:39:21Z|1.900s,video,0.181038111,0.644889712,0.000000237,0.217136562,0.565119207,0.008410489,0.223606333,0.487951934,0.008467313,0.228519320,0.438626736,0.002275216,0.240753502,0.404610306,-0.005738408,0.195392787,0.422858000,0.009946583,0.202299103,0.327884197,-0.004521739,0.206991568,0.272693872,-0.015661946,0.211257398,0.225617066,-0.024269210,0.183502331,0.426809251,-0.010066251,0.181132168,0.325233102,-0.025714997,0.181499675,0.264331281,-0.039283771,0.182295755,0.215971038,-0.048880693,0.171318993,0.446445495,-0.031979408,0.162890419,0.349257052,-0.049021307,0.161030874,0.287380427,-0.061705805,0.160248563,0.236990377,-0.070404105,0.159850925,0.478667468,-0.053572163,0.148621216,0.407953680,-0.068967707,0.144182563,0.358916819,-0.076562069,0.141050801,0.315093786,-0.082293771
2025-11-27T00:39:24Z|0.000s,video,0.494624257,0.807514608,0.000000234,0.400664628,0.733228505,-0.003269651,0.362399787,0.634600282,-0.014515393,0.349237621,0.549522161,-0.040646646,0.375353634,0.468587041,-0.064201675,0.425030231,0.530355096,0.079262085,0.401142836,0.462255359,0.043548025,0.390348881,0.478680134,0.012042789,0.390867054,0.522671521,0.002644459,0.464483172,0.515065193,0.050042849,0.441045314,0.363744944,0.052462913,0.428463966,0.266353905,0.050116632,0.416485190,0.179650366,0.050072495,0.509467781,0.522312343,0.003355492,0.507325888,0.372076809,-0.005909324,0.504823208,0.276956052,-0.015271699,0.497073472,0.197576195,-0.020713279,0.552274764,0.537575722,-0.048288558,0.562390327,0.422619998,-0.060302895,0.567873716,0.350342363,-0.067189567,0.569787860,0.284973443,-0.071435794
2025-11-27T00:39:26Z|0.120s,video,0.491813898,0.818117201,0.000000377,0.400895834,0.733243406,-0.001830651,0.360790193,0.630080521,-0.010509657,0.348033100,0.538377881,-0.033588231,0.377119303,0.449857563,-0.055141486,0.424629837,0.529317379,0.080404699,0.412096918,0.451085538,0.052885313,0.399712443,0.451048851,0.023940768,0.396766305,0.480881542,0.012857675,0.462551892,0.517691255,0.050781976,0.441074342,0.361897767,0.055696968,0.430245072,0.266767353,0.048918553,0.419901460,0.184507579,0.043415781,0.508272648,0.525687039,0.004828409,0.505043566,0.376444161,-0.003941081,0.505792022,0.286112219,-0.020333704,0.499978453,0.209161490,-0.032874074,0.553313434,0.538185418,-0.045493197,0.561343431,0.426898450,-0.058126945,0.567957103,0.358089864,-0.069125831,0.569990098,0.292137086,-0.078729950
2025-11-27T00:39:28Z|0.240s,video,0.495204270,0.822867036,0.000000309,0.405178457,0.744479299,-0.013182151,0.362262577,0.645346463,-0.028700117,0.348444790,0.553590059,-0.056924623,0.381366670,0.470640659,-0.081520908,0.427521765,0.532305360,0.069245793,0.417745233,0.465459764,0.030546183,0.415434301,0.495054394,-0.003058642,0.419951230,0.546332777,-0.013973302,0.464684248,0.518478513,0.044649672,0.443725646,0.361860931,0.045085806,0.434218705,0.268233716,0.042430948,0.422044814,0.181983829,0.041370362,0.510037243,0.527685285,0.001487478,0.507370353,0.378294885,-0.009709989,0.509764552,0.286052048,-0.020763051,0.503318310,0.203964591,-0.028388236,0.555564225,0.542047501,-0.047438826,0.563972592,0.431080878,-0.059479699,0.570574880,0.360877603,-0.066861391,0.572050154,0.292490602,-0.072929434
2025-11-27T00:39:30Z|0.360s,video,0.495249450,0.826197743,0.000000388,0.406549901,0.744120598,-0.010945705,0.364362687,0.641493678,-0.026351847,0.348773122,0.548886418,-0.054675307,0.381389439,0.464331299,-0.080381237,0.428825587,0.530190289,0.066210166,0.422246248,0.450854421,0.032773782,0.417224437,0.462380648,0.001877977,0.418989390,0.500457704,-0.009372832,0.466839582,0.519913435,0.040299661,0.448600888,0.360892296,0.041593876,0.440219909,0.265714914,0.036745023,0.429974467,0.182130337,0.033165216,0.512297928,0.530584335,-0.002744133,0.508861840,0.380202770,-0.013025852,0.511229336,0.289050758,-0.026934182,0.506068885,0.210377544,-0.037659995,0.557986200,0.545306206,-0.051091574,0.565841973,0.434428006,-0.063342862,0.571624458,0.365119159,-0.073057771,0.572912931,0.299152195,-0.081824720
2025-11-27T00:39:32Z|0.480s,video,0.493083090,0.808344483,0.000000358,0.411812305,0.731480896,-0.018574532,0.368315935,0.629946232,-0.035387915,0.354943454,0.536038339,-0.061692197,0.393133491,0.458893716,-0.083672494,0.417679787,0.522754073,0.052049667,0.414818406,0.445595205,0.014989397,0.417498291,0.460004330,-0.014493434,0.422943175,0.498356044,-0.022866262,0.453320861,0.509666145,0.034327973,0.435614616,0.352689505,0.033589628,0.430240273,0.260555327,0.033586692,0.420160145,0.175179690,0.035250809,0.498265475,0.517612636,-0.000649412,0.491111428,0.372383922,-0.010569490,0.494295299,0.283333719,-0.021321798,0.488463908,0.202839553,-0.029016783,0.545189142,0.529676020,-0.041260887,0.553432584,0.426328778,-0.051561866,0.560983181,0.360153675,-0.060131416,0.563822210,0.297618955,-0.067500636
2025-11-27T00:39:34Z|0.600s,video,0.492626846,0.781754553,0.000000548,0.419965535,0.728437901,-0.062140875,0.376334310,0.631227732,-0.093102723,0.360243022,0.540245712,-0.121463850,0.388758987,0.458910704,-0.142906830,0.403275341,0.511761129,-0.005120506,0.407505661,0.425186902,-0.048518676,0.429274708,0.441812754,-0.081193447,0.446168780,0.472868919,-0.091507778,0.435503900,0.498429328,0.006565772,0.418199927,0.347365618,-0.001098902,0.414051920,0.256551087,-0.006075768,0.402301252,0.172955483,-0.007745784,0.477224022,0.505002320,0.001289727,0.467333794,0.365412444,-0.009582731,0.468104541,0.279760361,-0.020948535,0.461613625,0.203162611,-0.028651163,0.523043990,0.515991509,-0.012286384,0.528959632,0.416642845,-0.019172609,0.533595920,0.352393806,-0.026633387,0.536657929,0.292646676,-0.032889102
2025-11-27T00:39:36Z|0.720s,video,0.489249378,0.762963474,0.000000557,0.442840964,0.727031350,-0.103268556,0.400860190,0.619457185,-0.138521358,0.379993826,0.521000683,-0.156472176,0.405126631,0.446255088,-0.162029535,0.394946247,0.499303281,-0.053002488,0.406407326,0.408922881,-0.112800211,0.445692301,0.451539814,-0.151720077,0.473083377,0.499457389,-0.159701899,0.417810142,0.482145101,-0.007642468,0.401817590,0.332919270,-0.026171470,0.398943752,0.241538435,-0.033312194,0.387010515,0.157937497,-0.032261092,0.454420567,0.482815325,0.019331753,0.439609051,0.350046515,0.001247013,0.436588109,0.265648752,-0.013878758,0.429438591,0.188083023,-0.018690560,0.496411622,0.488949120,0.036146551,0.494936615,0.391712129,0.028051609,0.496384561,0.325885355,0.017851073,0.499900579,0.265403032,0.013498844
2025-11-27T00:39:38Z|0.840s,video,0.495913386,0.759305596,0.000001252,0.453565568,0.709589124,-0.120599128,0.416088015,0.606945097,-0.145970583,0.401218057,0.516411364,-0.145060703,0.417826861,0.433461308,-0.135447487,0.391429275,0.486977845,-0.068660840,0.394792587,0.338832408,-0.080908418,0.398109704,0.241731644,-0.085559726,0.406832665,0.173447460,-0.081910685,0.417040855,0.487018257,-0.007876881,0.403596401,0.328313470,-0.008126609,0.397821456,0.225970745,-0.013760136,0.391002953,0.142869353,-0.012908812,0.448155463,0.497812420,0.039273486,0.459095180,0.427377462,0.017005168,0.471769184,0.448817343,-0.015640356,0.471940666,0.461117327,-0.025641108,0.480009019,0.507416308,0.077645302,0.466107607,0.456645310,0.059231155,0.469767183,0.447815835,0.037060734,0.467148781,0.451843709,0.026986944
2025-11-27T00:39:40Z|0.960s,video,0.489453942,0.738520622,0.000001032,0.475296706,0.661362767,-0.063847117,0.440649718,0.552659333,-0.063129328,0.424005151,0.477557391,-0.045752995,0.423348933,0.402223945,-0.021342009,0.386703759,0.482302636,-0.027598444,0.396574825,0.339182496,-0.023821667,0.399273306,0.248276740,-0.020113658,0.400494576,0.183526486,-0.016127797,0.404582739,0.487531751,0.001712337,0.395858675,0.318326890,0.012643913,0.392253578,0.214350998,0.009177100,0.384906024,0.129344046,0.005574685,0.431242555,0.495943487,0.022492208,0.434715867,0.393453985,0.015176665,0.445153326,0.360984623,-0.016369382,0.443748832,0.325010091,-0.037711881,0.463618577,0.499072075,0.038230292,0.471792459,0.450374395,0.022684356,0.502397716,0.451879919,0.000212634,0.523937047,0.463250726,-0.016019663
2025-11-27T00:39:42Z|1.080s,video,0.490433753,0.751419663,0.000000987,0.494248062,0.669451892,-0.088902704,0.464788705,0.558941066,-0.097835101,0.448691189,0.470240474,-0.085032135,0.434401065,0.386498034,-0.063665241,0.396628737,0.500727355,-0.049211662,0.421661884,0.367602348,-0.057383649,0.442191303,0.309372902,-0.063142017,0.445717603,0.256112218,-0.063084349,0.407493949,0.496542275,-0.005473253,0.407779276,0.331943989,-0.014994143,0.406752944,0.220667303,-0.032379903,0.402597547,0.129604369,-0.042374887,0.431042552,0.504555762,0.028686395,0.473716378,0.416712046,-0.004086808,0.515828848,0.449672371,-0.042031366,0.536899447,0.477538407,-0.055739824,0.460469663,0.513332367,0.057841361,0.479090482,0.453460038,0.030542154,0.514698029,0.452939153,0.005559857,0.541273713,0.464297593,-0.007099055
2025-11-27T00:39:44Z|1.200s,video,0.491823316,0.755925536,0.000001038,0.497144848,0.682296276,-0.104089595,0.470621765,0.570037901,-0.118508227,0.458256960,0.482993722,-0.106082641,0.445442826,0.402531266,-0.083967835,0.398200363,0.505896270,-0.070244044,0.421668351,0.369091898,-0.079868764,0.443135798,0.308100402,-0.085138477,0.448195577,0.254000783,-0.082693003,0.407932341,0.504806399,-0.015528081,0.404383957,0.343761623,-0.023687258,0.403933138,0.231449932,-0.038345143,0.400947511,0.143238246,-0.045261532,0.430301875,0.514601886,0.029531326,0.473881841,0.427905738,0.001321496,0.518202841,0.451128632,-0.035223681,0.540153205,0.472035110,-0.048294701,0.458794534,0.522062242,0.068458326,0.474245548,0.461541265,0.047979563,0.505239189,0.452040255,0.025152463,0.527356982,0.455896974,0.013736363
2025-11-27T00:39:46Z|1.320s,video,0.488516927,0.730130196,0.000001186,0.477516264,0.672920108,-0.114787184,0.453433812,0.564533412,-0.130163625,0.443106383,0.478601784,-0.115054220,0.440970570,0.390362382,-0.091321409,0.387584746,0.490611494,-0.086304389,0.396462202,0.338004887,-0.097892098,0.402759403,0.240164936,-0.102994569,0.410497010,0.165094882,-0.102164932,0.410170615,0.490955502,-0.023627510,0.399821013,0.336747795,-0.031042058,0.396811604,0.225626111,-0.043059338,0.395989656,0.140555590,-0.049796049,0.438421845,0.500037611,0.028938310,0.466873676,0.417777508,-0.000362283,0.502100825,0.433915943,-0.038589139,0.521425784,0.450559437,-0.054515935,0.467164725,0.506021738,0.074567854,0.482943058,0.461623073,0.040589485,0.516183496,0.460506588,0.006369856,0.536321998,0.470595062,-0.012063529
2025-11-27T00:39:48Z|1.440s,video,0.483688027,0.735101461,0.000001102,0.461369693,0.680399179,-0.114410140,0.438802987,0.577154160,-0.127578378,0.432047814,0.488924712,-0.110916525,0.433677793,0.408482850,-0.085310534,0.376642734,0.501280606,-0.074272580,0.390555799,0.360227048,-0.085616969,0.404978007,0.273852408,-0.091045626,0.418432623,0.205389261,-0.089852229,0.404040694,0.497747689,-0.012235841,0.394096643,0.350320339,-0.017993439,0.388998747,0.241862416,-0.027285552,0.386112183,0.157953143,-0.030633012,0.436482877,0.506502569,0.037831161,0.465708584,0.430871427,0.005779766,0.500999272,0.449413538,-0.032796543,0.521561205,0.465963930,-0.046198837,0.468852758,0.512947738,0.081030935,0.483169049,0.471929163,0.042881828,0.509413302,0.470697701,0.006973466,0.525249898,0.478343159,-0.010693900
2025-11-27T00:39:50Z|1.560s,video,0.476967394,0.728113115,0.000001140,0.455011398,0.679870963,-0.115452930,0.433955371,0.578385592,-0.130503848,0.427408695,0.496104360,-0.115727708,0.432287604,0.424530774,-0.092382215,0.373112053,0.497918129,-0.079581559,0.385598928,0.353333056,-0.092728615,0.394970119,0.260699064,-0.098304398,0.404568464,0.190574676,-0.097080097,0.400947392,0.496252507,-0.018486086,0.390915394,0.348786175,-0.025200345,0.384901077,0.245329678,-0.033557247,0.379967749,0.166114002,-0.036001589,0.433926404,0.504531920,0.030783297,0.462565273,0.433099389,-0.002468477,0.497897685,0.452200115,-0.039630175,0.517852128,0.467670351,-0.052094437,0.466440022,0.510000110,0.073032685,0.478916615,0.471515775,0.035577621,0.505764902,0.476311952,0.002574977,0.522586942,0.490631521,-0.013225202
2025-11-27T00:39:52Z|1.680s,video,0.476740956,0.729799271,0.000001195,0.461557984,0.686899662,-0.120572440,0.435985208,0.586019039,-0.141425699,0.425939649,0.502133667,-0.131052434,0.418253839,0.424111307,-0.111464024,0.376722813,0.508484900,-0.095218450,0.396652013,0.372459054,-0.113437481,0.416678935,0.296896607,-0.122940905,0.430370748,0.232469082,-0.123739883,0.398669332,0.501981378,-0.033237416,0.388969123,0.350540936,-0.050642669,0.385690719,0.239544481,-0.067589529,0.384488016,0.153300285,-0.075055994,0.427816451,0.507433593,0.018467713,0.461418390,0.438496262,-0.020521743,0.502343535,0.456679463,-0.057746131,0.527116179,0.473503202,-0.069132596,0.458034128,0.509899437,0.063250296,0.473505229,0.469570875,0.028611343,0.503009140,0.471359521,0.001154624,0.520276845,0.480200261,-0.011010435
2025-11-27T00:39:54Z|1.800s,video,0.476957351,0.739969492,0.000001209,0.460348815,0.690212369,-0.115617827,0.435534269,0.590864837,-0.134249300,0.425289720,0.505840659,-0.123542756,0.423289180,0.430161834,-0.104551718,0.376787364,0.512515008,-0.082688637,0.395295531,0.375820160,-0.097302884,0.414776117,0.295943290,-0.105882779,0.429708838,0.228437155,-0.106874704,0.398324043,0.505220592,-0.023321420,0.388021410,0.352103293,-0.035024833,0.384137332,0.240254164,-0.049355511,0.383449256,0.154095322,-0.055429228,0.427140415,0.513829350,0.025458701,0.459490448,0.440061152,-0.010293949,0.497554243,0.458061993,-0.047880083,0.521725237,0.479263902,-0.059805628,0.458396196,0.521402836,0.067537583,0.473599464,0.478683859,0.031313479,0.502156496,0.480675340,0.001818271,0.519080818,0.494043827,-0.011310115
2025-11-27T00:39:56Z|1.920s,video,0.467537940,0.759152532,0.000001049,0.486237824,0.647776365,-0.005711627,0.462584823,0.547120035,-0.021143582,0.443111181,0.481447250,-0.037140943,0.441708863,0.432890534,-0.051569644,0.370459884,0.515675724,-0.058591083,0.403203338,0.382547975,-0.091204979,0.426718891,0.312310934,-0.107584953,0.435773283,0.253479749,-0.118300907,0.371666819,0.526828468,-0.079234511,0.379803985,0.349478543,-0.131630197,0.383694708,0.230484784,-0.161025405,0.383889407,0.135291278,-0.177848458,0.392048985,0.549960375,-0.095900655,0.430003226,0.426571190,-0.143524587,0.464868605,0.403849483,-0.150044560,0.481882691,0.395752013,-0.146270931,0.429285824,0.572803736,-0.111844525,0.441661954,0.476069987,-0.141066879,0.485870868,0.466732562,-0.135000065,0.522500932,0.480470657,-0.125875279
2025-11-27T00:39:58Z|0.000s,video,0.122631520,0.564249814,-0.000000120,0.143575162,0.546886444,-0.007433034,0.153366923,0.510985136,-0.008682249,0.147420913,0.481273293,-0.010133270,0.134529874,0.465410501,-0.009333486,0.148327261,0.480489612,0.003702976,0.152822495,0.451841444,-0.007173590,0.151955843,0.476296663,-0.012653783,0.148508608,0.491889387,-0.014048033,0.133681566,0.479615092,0.003414486,0.134741992,0.451580942,-0.007274013,0.135967597,0.480504781,-0.009561758,0.134943485,0.493558288,-0.007293368,0.119013622,0.484130681,0.000735341,0.119744614,0.464826465,-0.011265868,0.123526603,0.491474062,-0.008486365,0.122800037,0.501101077,-0.002575650,0.103888862,0.491724342,-0.002483363,0.108075455,0.478476524,-0.009095658,0.112709433,0.497485518,-0.004915229,0.112439096,0.506180942,0.000670570
2025-11-27T00:40:00Z|0.100s,video,0.124883562,0.553997993,-0.000000126,0.145437837,0.539765954,-0.007434169,0.155141011,0.500661790,-0.008516860,0.152608424,0.466373295,-0.010085610,0.147455409,0.442172259,-0.009410703,0.148016989,0.462906003,0.003075090,0.151100948,0.431705385,-0.009790690,0.151161045,0.457325727,-0.015863912,0.148565486,0.476665974,-0.016822752,0.133529037,0.465541989,0.002793496,0.134218425,0.439514786,-0.010082873,0.137220174,0.471987903,-0.012348910,0.137051493,0.487616748,-0.009485484,0.118649699,0.472999305,-0.000111755,0.120579183,0.455671459,-0.014238608,0.125998065,0.485393405,-0.010851124,0.126365498,0.497002453,-0.003866572,0.103108749,0.483605295,-0.003503283,0.108143501,0.469787359,-0.011583037,0.113957122,0.490011334,-0.007341108,0.114766732,0.499562413,-0.001175928
2025-11-27T00:40:02Z|0.200s,video,0.125985116,0.554455519,-0.000000026,0.146257222,0.534787476,-0.007211677,0.157179594,0.493751436,-0.007597985,0.156138003,0.458239555,-0.008567948,0.149268016,0.432827890,-0.009045321,0.150834784,0.462187052,0.004704069,0.153836399,0.428975821,-0.003654431,0.154319927,0.418049216,-0.008946490,0.154062867,0.416014910,-0.011169410,0.136208653,0.463884413,0.004146122,0.136224911,0.433374703,-0.009761376,0.138922691,0.459606320,-0.014634761,0.140504673,0.482986540,-0.012968461,0.120922893,0.470954835,0.001797777,0.122526504,0.448882103,-0.014397215,0.126831353,0.478175044,-0.013146265,0.128228113,0.498517752,-0.006642650,0.104660377,0.481896907,-0.000873298,0.109947205,0.462917924,-0.012291857,0.114718258,0.484834880,-0.009581187,0.115701944,0.502177000,-0.003877130
2025-11-27T00:40:04Z|0.300s,video,0.125111759,0.560222685,0.000000006,0.145384297,0.540838063,-0.008497247,0.154747456,0.500207186,-0.010321202,0.154882029,0.463399202,-0.012651488,0.155511692,0.435259968,-0.014829863,0.150686353,0.469862640,-0.000468708,0.159265772,0.432446659,-0.008667895,0.166650742,0.407590002,-0.013755306,0.171341002,0.386634231,-0.017006546,0.136991277,0.470712602,-0.000965966,0.139421016,0.445874602,-0.016284734,0.141802862,0.474518538,-0.020034455,0.141206846,0.498541802,-0.018037645,0.122457623,0.476331323,-0.003017439,0.125860587,0.457366586,-0.019133974,0.129741445,0.486724317,-0.015472707,0.129582986,0.507731795,-0.007916336,0.106692120,0.485739201,-0.005744341,0.112328723,0.468214363,-0.016480012,0.117482066,0.488364071,-0.012695705,0.117291689,0.504508674,-0.006653886
2025-11-27T00:40:06Z|0.400s,video,0.127000973,0.577093959,-0.000000092,0.148925886,0.548431575,-0.004732308,0.156071305,0.505058885,-0.004304907,0.155720368,0.468857467,-0.005605248,0.157688603,0.438464105,-0.006311845,0.144850999,0.478114545,0.011282620,0.146837547,0.451764554,0.004419299,0.152491897,0.450381309,-0.000420667,0.156114325,0.451772332,-0.002950164,0.133488357,0.479276776,0.009444316,0.139095798,0.454802811,-0.002669946,0.143919840,0.484953791,-0.007285718,0.142351598,0.507166982,-0.006459361,0.120488554,0.483723789,0.005366312,0.127737835,0.463722557,-0.010031960,0.133019343,0.494936436,-0.009206771,0.131559342,0.515367270,-0.003477002,0.104900539,0.491113871,0.001086851,0.114422515,0.473265737,-0.009697772,0.120945655,0.494144201,-0.007681001,0.120011419,0.509101510,-0.002994939
2025-11-27T00:40:08Z|0.500s,video,0.126573935,0.579876781,-0.000000174,0.149132982,0.552789152,-0.007095494,0.156921193,0.506609201,-0.007591470,0.154210210,0.470491707,-0.009062258,0.151035994,0.441505879,-0.008559997,0.149208263,0.480736852,0.005687082,0.155999780,0.455513984,-0.007526625,0.156171039,0.481552035,-0.015731912,0.150369123,0.503144324,-0.018353531,0.135282502,0.481782585,0.005064386,0.138705716,0.459506273,-0.007008618,0.141577810,0.488819003,-0.010811704,0.139247030,0.507819057,-0.009946512,0.120424144,0.487015337,0.001479441,0.125055298,0.469505638,-0.011859445,0.130623743,0.498545855,-0.009680752,0.129599795,0.516302168,-0.003968696,0.104148552,0.495633632,-0.002817067,0.113609374,0.480979979,-0.010983052,0.120104827,0.501791775,-0.007736342,0.119568229,0.515296817,-0.002524622
2025-11-27T00:40:10Z|0.600s,video,0.126243979,0.581753552,-0.000000171,0.149611443,0.555096745,-0.007716291,0.158482537,0.508973300,-0.008401114,0.154737175,0.472744703,-0.009899143,0.151367038,0.444082111,-0.009275710,0.150804937,0.483208716,0.004985785,0.157650620,0.457454264,-0.008556936,0.157826528,0.484106332,-0.016638849,0.152064025,0.505139887,-0.019168502,0.136342630,0.483839273,0.004499173,0.139819965,0.460795760,-0.008295776,0.143012658,0.491458923,-0.012129145,0.140721589,0.510226965,-0.011116785,0.121024437,0.488641232,0.000999888,0.125449419,0.470432043,-0.013048681,0.131437972,0.500206411,-0.010900686,0.130372688,0.517647207,-0.005038083,0.104085512,0.496819615,-0.003210620,0.113786958,0.481808364,-0.011835788,0.120606385,0.502845526,-0.008702130,0.120000638,0.516058743,-0.003498572
2025-11-27T00:40:12Z|0.700s,video,0.127051428,0.578812361,-0.000000167,0.150254026,0.552298069,-0.007904321,0.158995569,0.506999195,-0.008852107,0.155577093,0.471092194,-0.010505715,0.152362257,0.442244828,-0.009907212,0.151653722,0.479754716,0.004250396,0.158095360,0.455455840,-0.009178707,0.158114403,0.483550787,-0.016887033,0.152598679,0.503817916,-0.019285448,0.137127221,0.480313927,0.003734487,0.140474230,0.459149331,-0.008866281,0.143570855,0.490715772,-0.011993945,0.141332641,0.508278131,-0.010650842,0.121800102,0.485323131,0.000213070,0.126373142,0.469321072,-0.013767391,0.131912857,0.499646157,-0.010955057,0.130686715,0.515955508,-0.004797215,0.105110846,0.493715733,-0.004048166,0.114824563,0.480104744,-0.012460556,0.120847777,0.501573920,-0.008840362,0.119688325,0.514022291,-0.003389477
2025-11-27T00:40:14Z|0.800s,video,0.127361283,0.579571843,-0.000000166,0.150736317,0.553269804,-0.008198060,0.159458920,0.507462204,-0.009246589,0.155554354,0.471623987,-0.010973768,0.151740089,0.442415357,-0.010455046,0.151309729,0.481373250,0.004149944,0.158109546,0.456131995,-0.009748617,0.158575535,0.483834445,-0.017705066,0.152808011,0.504592896,-0.020089703,0.136635408,0.481747210,0.003768362,0.140286714,0.459569365,-0.009364393,0.143845335,0.491340488,-0.012893193,0.141596913,0.509651840,-0.011626713,0.121091552,0.486429662,0.000318499,0.126064226,0.469952881,-0.014276749,0.131997243,0.500773132,-0.011939348,0.130716652,0.517490447,-0.005865085,0.104177952,0.494496435,-0.003844901,0.114736237,0.481005877,-0.012753474,0.120947279,0.502949238,-0.009503343,0.119425595,0.515611947,-0.004204953
2025-11-27T00:40:16Z|0.900s,video,0.127346456,0.581888199,-0.000000168,0.150559008,0.555127144,-0.008255788,0.159052476,0.508963704,-0.009207228,0.154567823,0.473095477,-0.010809720,0.150972649,0.443699360,-0.010128642,0.150963724,0.484064072,0.004125589,0.158235312,0.457914501,-0.009666410,0.158602729,0.485515207,-0.017474117,0.152621284,0.506609738,-0.019695168,0.136246860,0.484268367,0.003812513,0.140261531,0.460837275,-0.009448732,0.143619955,0.492736846,-0.012989365,0.141026348,0.511984229,-0.011536235,0.120710582,0.488507122,0.000432931,0.125746578,0.471314192,-0.013835791,0.131515592,0.501884878,-0.011452383,0.129992753,0.519021332,-0.005271016,0.103770025,0.496000648,-0.003695942,0.114136800,0.481872350,-0.012048484,0.120300077,0.503420353,-0.008643213,0.118568301,0.516261637,-0.003257668
2025-11-27T00:40:18Z|1.000s,video,0.127263561,0.582130551,-0.000000168,0.150319561,0.556106746,-0.008531764,0.158884406,0.509416699,-0.009598974,0.154644608,0.473246425,-0.011223701,0.151091725,0.443896264,-0.010406808,0.149917424,0.482606471,0.003577498,0.157600001,0.457668066,-0.010318662,0.158392832,0.486488909,-0.017806575,0.152541474,0.506259501,-0.019942030,0.135396779,0.483011156,0.003247947,0.140527174,0.461239845,-0.009981613,0.144063622,0.494235367,-0.012864653,0.141081795,0.511606038,-0.011147765,0.120153427,0.487693399,-0.000226779,0.126550287,0.471649110,-0.014879220,0.132284626,0.503082871,-0.011975172,0.130099207,0.518971622,-0.005547929,0.103363484,0.495501608,-0.004460075,0.115154259,0.482714236,-0.013147538,0.121323697,0.504689455,-0.009611140,0.119035207,0.516529500,-0.004177138
2025-11-27T00:40:20Z|1.100s,video,0.126268893,0.582792461,-0.000000174,0.149671376,0.556763947,-0.008555437,0.158960178,0.510314465,-0.009632769,0.154559225,0.473900795,-0.011298326,0.150770813,0.444443703,-0.010534069,0.150531441,0.483427733,0.004126744,0.158115998,0.458137453,-0.009845829,0.158383310,0.486531049,-0.017526343,0.152358219,0.506172240,-0.019780105,0.135877311,0.483678728,0.003806704,0.140927523,0.461776793,-0.009391244,0.144078463,0.494648963,-0.012425624,0.140977830,0.511653662,-0.010815256,0.120560125,0.488208205,0.000300035,0.126616657,0.471454740,-0.014412896,0.132171482,0.503018320,-0.011460718,0.129920959,0.518824041,-0.004981990,0.103555441,0.495878667,-0.003959790,0.115131699,0.482127666,-0.012628190,0.121186748,0.504279435,-0.008896161,0.118836105,0.516123533,-0.003302741
2025-11-27T00:40:22Z|1.200s,video,0.126946390,0.583079100,-0.000000167,0.150459334,0.556046188,-0.008360010,0.159426868,0.509357750,-0.009420688,0.155093133,0.473515898,-0.011095070,0.151343554,0.444122672,-0.010375105,0.149323881,0.482865483,0.003797513,0.156993732,0.458866864,-0.009910559,0.157985166,0.487693727,-0.017330917,0.152189404,0.506713092,-0.019533612,0.134811252,0.483586729,0.003271916,0.140258521,0.462013662,-0.009985053,0.144146577,0.495010048,-0.012981106,0.141258761,0.512259662,-0.011392976,0.119610772,0.488431066,-0.000360155,0.126217842,0.472185969,-0.015107693,0.132281899,0.503696859,-0.012202025,0.130209938,0.519698560,-0.005790713,0.102912433,0.496396750,-0.004736593,0.115081899,0.483019084,-0.013546136,0.121476755,0.505142808,-0.009935147,0.119236641,0.517279387,-0.004455291
2025-11-27T00:40:24Z|1.300s,video,0.126723304,0.583170831,-0.000000176,0.150704786,0.556568563,-0.008041107,0.159545064,0.509657264,-0.008809681,0.155198812,0.473317176,-0.010253426,0.151253089,0.444075346,-0.009487269,0.150666490,0.483585954,0.004306596,0.158466086,0.459732324,-0.009145444,0.158641368,0.487645537,-0.016769938,0.152848989,0.508205771,-0.019082053,0.135807231,0.484124333,0.003857335,0.140792161,0.463495135,-0.008667060,0.143592134,0.494966984,-0.011694705,0.140767157,0.512635469,-0.010374673,0.120425351,0.488978267,0.000318421,0.126513928,0.472607255,-0.013494067,0.131749570,0.503215313,-0.010490105,0.129924893,0.519983232,-0.004303963,0.103523418,0.496970862,-0.003997325,0.114638515,0.482436121,-0.012119100,0.120530404,0.504106939,-0.008314133,0.118741021,0.516847908,-0.002855329
2025-11-27T00:40:26Z|1.400s,video,0.127558574,0.582788587,-0.000000171,0.151155144,0.556365967,-0.008262583,0.159734607,0.509477496,-0.009229197,0.155378953,0.473556489,-0.010777521,0.151764482,0.444575548,-0.010028636,0.150343835,0.482955515,0.003483601,0.158261478,0.459663510,-0.010228135,0.158342913,0.488180488,-0.017775821,0.152398214,0.508343816,-0.019997196,0.135516167,0.483771831,0.003052623,0.140966877,0.463418782,-0.009882567,0.143944785,0.495470017,-0.012741216,0.141088739,0.513081193,-0.011170113,0.120250881,0.488800168,-0.000457536,0.126999021,0.473401845,-0.014511997,0.132226676,0.504136622,-0.011412279,0.130213916,0.520438313,-0.005072808,0.103697762,0.496957868,-0.004755458,0.115303084,0.483624160,-0.012922273,0.121045753,0.505132794,-0.009146674,0.118963778,0.517232299,-0.003676517
2025-11-27T00:40:28Z|1.500s,video,0.128123641,0.582235038,-0.000000170,0.151675954,0.556277454,-0.008160708,0.160150632,0.509200096,-0.008980330,0.156156853,0.473154247,-0.010396787,0.152567297,0.444122523,-0.009638932,0.150931150,0.482775837,0.003549761,0.158196509,0.459442198,-0.009935438,0.158862144,0.487326086,-0.017691720,0.153664336,0.508600533,-0.020047521,0.136192784,0.483628303,0.003282386,0.141008526,0.463498473,-0.009162589,0.144182920,0.494516462,-0.012184010,0.141576841,0.512787223,-0.010902433,0.120911360,0.488762170,-0.000028180,0.126814961,0.472786963,-0.013347140,0.132381290,0.502472401,-0.010385605,0.130847827,0.519348919,-0.004401630,0.104268700,0.497179359,-0.004166846,0.115043551,0.483069062,-0.012014132,0.121050566,0.504059255,-0.008390966,0.119468093,0.516727865,-0.003153455
2025-11-27T00:40:30Z|1.600s,video,0.127986968,0.580699563,-0.000000169,0.151767150,0.555005014,-0.008263375,0.160275102,0.508335590,-0.009125402,0.155852437,0.472533673,-0.010535367,0.152468309,0.443313837,-0.009682857,0.151326209,0.481923729,0.003326478,0.158865154,0.457924932,-0.010186932,0.159084678,0.486398041,-0.017742272,0.153462470,0.507892787,-0.019918192,0.136525169,0.482420862,0.003155204,0.141376019,0.462145209,-0.009399657,0.144379944,0.493848562,-0.012262711,0.141694516,0.512148380,-0.010774883,0.121082470,0.487179399,-0.000064831,0.126980200,0.471569359,-0.013498805,0.132404462,0.501892388,-0.010419646,0.130818397,0.518574655,-0.004265928,0.104252383,0.495315671,-0.004098330,0.115230888,0.481833786,-0.011859895,0.120988160,0.503215313,-0.008145580,0.119121194,0.515552163,-0.002822190
2025-11-27T00:40:32Z|1.700s,video,0.128920093,0.581197262,-0.000000167,0.152248338,0.555177569,-0.008351254,0.160542428,0.507906020,-0.009254971,0.156414941,0.471797407,-0.010748035,0.152911291,0.442336202,-0.009904861,0.150523946,0.481535792,0.003870538,0.158488512,0.457825452,-0.009859994,0.159731001,0.486163259,-0.017379384,0.154186904,0.506130815,-0.019516455,0.136139646,0.482190520,0.003531401,0.142238066,0.461638361,-0.009295736,0.145770967,0.493930101,-0.012156525,0.142441913,0.511146188,-0.010572117,0.121186830,0.487015903,0.000045594,0.128517866,0.471386850,-0.013997162,0.133972123,0.502368271,-0.010902797,0.131443202,0.518175185,-0.004551948,0.104651764,0.494891167,-0.004235074,0.116727136,0.481609434,-0.012330440,0.122576833,0.503308654,-0.008530245,0.120012984,0.515080571,-0.003060163
2025-11-27T00:40:34Z|1.800s,video,0.129792988,0.581650674,-0.000000168,0.152969494,0.555123210,-0.007831798,0.161208972,0.508714974,-0.008631560,0.157157242,0.472925961,-0.010228334,0.153836101,0.443794847,-0.009745839,0.152277067,0.482348919,0.004626682,0.159925178,0.457943857,-0.009130175,0.160816967,0.485339016,-0.017313108,0.155601710,0.506730020,-0.019848429,0.137575611,0.483075619,0.004151812,0.142361328,0.462141544,-0.008508733,0.145561770,0.493090808,-0.012036895,0.142899528,0.511620641,-0.010965693,0.122376189,0.487963408,0.000596490,0.128189310,0.471496910,-0.013123410,0.133651614,0.501416147,-0.010556412,0.131992817,0.518709898,-0.004597909,0.105665997,0.496050864,-0.003727490,0.116144978,0.480959505,-0.011869174,0.122501634,0.502448142,-0.008269282,0.121206775,0.515986979,-0.002873803
2025-11-27T00:40:36Z|1.900s,video,0.130258068,0.581806123,-0.000000167,0.153597385,0.555104852,-0.008157004,0.162336066,0.507960975,-0.008963278,0.157867968,0.471966028,-0.010401480,0.153993279,0.442917675,-0.009585087,0.152076751,0.481139213,0.004072933,0.160252944,0.457657099,-0.009568376,0.161107674,0.485690743,-0.017314695,0.155723214,0.506171465,-0.019582812,0.137483150,0.481863409,0.003765867,0.143696249,0.461929440,-0.008897287,0.146738157,0.493589580,-0.011964839,0.143619820,0.511505306,-0.010522832,0.122486994,0.486663014,0.000359660,0.129792333,0.471630305,-0.013250673,0.134908035,0.501980960,-0.010313650,0.132741407,0.518548727,-0.004137148,0.106003255,0.494670153,-0.003856789,0.117902070,0.481597900,-0.011642346,0.123683810,0.503226340,-0.007872609,0.121653780,0.515680909,-0.002420360
2025-11-27T00:40:39Z|0.100s,video,0.347569376,0.583972335,0.000000142,0.366539538,0.563180625,-0.011615216,0.379779845,0.530871034,-0.019833535,0.388174355,0.503722310,-0.027512861,0.392221391,0.477876544,-0.034527250,0.353178918,0.497031331,-0.011762569,0.361496627,0.480492920,-0.030355334,0.371008784,0.496804833,-0.044966642,0.377089381,0.515583277,-0.051978756,0.337572575,0.490229636,-0.014273212,0.342176378,0.444226384,-0.025737178,0.344973624,0.412132412,-0.034971658,0.347611696,0.384164929,-0.040906869,0.321329772,0.496510804,-0.019377762,0.317286879,0.449103057,-0.032506179,0.315036863,0.415676832,-0.042607427,0.315054804,0.386720061,-0.048201207,0.306896180,0.514417291,-0.024961676,0.290709496,0.487860531,-0.034709003,0.281218767,0.467884660,-0.037915524,0.274524033,0.450991124,-0.039311666
2025-11-27T00:40:41Z|0.300s,video,0.377836376,0.413635314,0.000000160,0.398642987,0.395046920,-0.005992542,0.411727488,0.364548475,-0.009444310,0.419093907,0.338674903,-0.012277883,0.423354119,0.319928646,-0.014879025,0.386575758,0.345021129,-0.006773472,0.399295300,0.325582623,-0.015556977,0.409458309,0.324004233,-0.022156911,0.416147023,0.325803041,-0.025376050,0.373244882,0.339246988,-0.008042445,0.383049011,0.301338226,-0.014073876,0.389313698,0.275122643,-0.019165689,0.395025671,0.252343059,-0.022217240,0.360259235,0.341318011,-0.010426311,0.362423629,0.304824442,-0.018652540,0.366965085,0.278069913,-0.026338883,0.372239888,0.255736530,-0.030811414,0.349838585,0.350283384,-0.012745900,0.336774111,0.336159736,-0.021017089,0.329942077,0.323980987,-0.025932176,0.326136798,0.313367069,-0.028476059
2025-11-27T00:40:42Z|0.400s,video,0.388887644,0.431605220,0.000000138,0.408581346,0.412724435,-0.007721524,0.420913994,0.381531596,-0.011404341,0.427883863,0.354897588,-0.014785417,0.432668179,0.337433785,-0.017771073,0.398731947,0.358025342,-0.004879354,0.411551982,0.345660985,-0.013433042,0.419346005,0.344756812,-0.019851316,0.424166203,0.346706957,-0.023116918,0.385409176,0.351280123,-0.006001752,0.393725544,0.315972924,-0.011612499,0.398827702,0.289520621,-0.015339937,0.403195441,0.266441345,-0.017201314,0.372116625,0.352747560,-0.008889184,0.371519089,0.319041580,-0.017074950,0.372954875,0.294578195,-0.023894383,0.375500739,0.273908585,-0.027557222,0.361144155,0.362308681,-0.012159129,0.347454607,0.348945320,-0.020478312,0.338339537,0.337618560,-0.024743935,0.332023084,0.327766955,-0.026781723
2025-11-27T00:40:44Z|0.501s,video,0.394698232,0.445019096,0.000000195,0.411755472,0.425492108,-0.009372802,0.422942907,0.397149414,-0.014202399,0.430960089,0.372612655,-0.018774632,0.435499042,0.354271084,-0.022925047,0.396761894,0.370803177,-0.006399768,0.410076499,0.359591275,-0.017336683,0.420584351,0.362270236,-0.025961470,0.428178996,0.367585331,-0.030514821,0.384692967,0.363069713,-0.008181480,0.392033517,0.324220687,-0.015150491,0.397772580,0.294358432,-0.020715339,0.403469652,0.269142956,-0.024371052,0.371290028,0.365447938,-0.012147598,0.368779123,0.326679856,-0.022318432,0.369154155,0.299565762,-0.031049611,0.371524334,0.278511852,-0.035999168,0.358776152,0.377456695,-0.016560473,0.342715383,0.358752370,-0.026259242,0.333417922,0.343470216,-0.031250335,0.327502370,0.330451518,-0.034001879
2025-11-27T00:40:45Z|0.601s,video,0.391108781,0.458175600,0.000000171,0.407972574,0.438251495,-0.008205352,0.420795918,0.405802548,-0.012797232,0.430256724,0.379685730,-0.017485768,0.434397489,0.357857108,-0.021692308,0.397346944,0.376246035,-0.004046980,0.409807324,0.363382816,-0.016376730,0.420216143,0.370388776,-0.027067222,0.427019954,0.380213708,-0.032655232,0.384330720,0.367531061,-0.006870669,0.392428815,0.325603515,-0.014094281,0.397432804,0.293646246,-0.021071555,0.402030468,0.266203612,-0.025751503,0.369303882,0.369988203,-0.011998998,0.366254032,0.327836484,-0.022191616,0.365707457,0.299015701,-0.031340875,0.367512286,0.274851352,-0.036553003,0.355247974,0.382807016,-0.017551312,0.338832974,0.362436950,-0.026488556,0.329066247,0.346313864,-0.030305676,0.322789311,0.332130909,-0.032234732
2025-11-27T00:40:46Z|0.701s,video,0.389394075,0.463088810,0.000000185,0.408162832,0.437390089,-0.006690294,0.421197236,0.400494397,-0.010297289,0.430569351,0.371244848,-0.014495747,0.435122907,0.347621143,-0.018213736,0.398551673,0.374050558,-0.000425318,0.409038782,0.358750850,-0.012390611,0.419065237,0.362531602,-0.022856344,0.426899582,0.369266659,-0.028101172,0.384672135,0.365599036,-0.003594279,0.390825629,0.321871608,-0.009859174,0.395678371,0.290541828,-0.016016433,0.400774330,0.263627738,-0.019780245,0.369392455,0.367341161,-0.009119915,0.365418434,0.324431390,-0.017850250,0.365995556,0.295952678,-0.025387606,0.369394273,0.272182435,-0.029433185,0.354959071,0.379177183,-0.015159586,0.338395923,0.357907623,-0.022467516,0.330176711,0.341991156,-0.024760356,0.325836569,0.327857912,-0.025470104
2025-11-27T00:40:48Z|0.801s,video,0.388309538,0.465794653,0.000000175,0.407233536,0.437785655,-0.005691796,0.420300812,0.401784241,-0.009306997,0.430054933,0.373581350,-0.013881702,0.433091819,0.351012737,-0.018065710,0.396782279,0.372724444,0.000725959,0.410992324,0.357516497,-0.011242676,0.422844261,0.360661149,-0.021900769,0.431227207,0.366717517,-0.027333703,0.383899122,0.364727795,-0.003427703,0.390754879,0.320018888,-0.009803069,0.395900905,0.289085388,-0.016063388,0.400679588,0.262883902,-0.019926151,0.369651347,0.366892576,-0.009973212,0.367446393,0.322731078,-0.018913435,0.368929058,0.293683589,-0.026562648,0.372410893,0.269915521,-0.030728515,0.356277049,0.379107952,-0.016996093,0.339347422,0.356417894,-0.024890505,0.330694973,0.338559985,-0.027579129,0.325702846,0.322420448,-0.028602067
2025-11-27T00:40:49Z|0.901s,video,0.383888572,0.478371859,0.000000139,0.403868973,0.451824456,-0.006328651,0.416747034,0.414577931,-0.009973532,0.427328348,0.384613633,-0.014801408,0.430739820,0.359546125,-0.019276692,0.393998712,0.386647940,0.000656981,0.406602561,0.367299885,-0.012397517,0.417593092,0.370150566,-0.023950128,0.424971193,0.377236098,-0.029758008,0.382437468,0.376485616,-0.003768985,0.389074087,0.328241467,-0.011069345,0.394439220,0.296436191,-0.018231427,0.399435371,0.269758880,-0.022955470,0.368289262,0.375328779,-0.010826882,0.369184554,0.326602787,-0.019586671,0.374048650,0.296203107,-0.026470566,0.379739851,0.271506697,-0.030314049,0.352885067,0.383383721,-0.018665034,0.343547225,0.349115461,-0.024667004,0.341090381,0.324483126,-0.025861433,0.341453195,0.303727746,-0.026417742
2025-11-27T00:40:50Z|1.001s,video,0.378466964,0.501081884,0.000000095,0.399680078,0.468043178,-0.002640091,0.410750777,0.427405179,-0.005090573,0.421928763,0.396955013,-0.009782489,0.429573745,0.371417433,-0.014328561,0.388799667,0.402335435,0.005286522,0.402114123,0.378824532,-0.008777899,0.415855467,0.385080814,-0.021945015,0.424960285,0.393675238,-0.029001677,0.378921241,0.397168279,-0.001226075,0.385077685,0.347683430,-0.009623429,0.393887550,0.316663235,-0.018265245,0.401989609,0.293652117,-0.024163488,0.368119627,0.400314629,-0.010344648,0.370008171,0.350227714,-0.019431105,0.376844972,0.317629158,-0.026082864,0.383998632,0.292308658,-0.029850824,0.357781082,0.409810960,-0.020125670,0.357958108,0.371175408,-0.026311880,0.361984223,0.345214665,-0.027297243,0.367686570,0.324814945,-0.027693557
2025-11-27T00:40:52Z|1.101s,video,0.364690721,0.530680358,0.000000010,0.382769972,0.501392901,-0.004999653,0.396112591,0.462862939,-0.008521519,0.406231999,0.436124027,-0.012721326,0.417270243,0.416547984,-0.017039204,0.369316936,0.432967663,-0.005189548,0.376798868,0.393209845,-0.010130584,0.387383670,0.380432487,-0.013871269,0.396720201,0.374115169,-0.016756162,0.357148409,0.445295751,-0.007531783,0.378023773,0.429652929,-0.018751601,0.397285432,0.446744412,-0.025247026,0.409000993,0.466307908,-0.027995294,0.349267006,0.461958170,-0.010221051,0.366627812,0.446540028,-0.020051312,0.385092169,0.454419732,-0.022757858,0.398180276,0.465149283,-0.023186922,0.343202591,0.480246693,-0.013091889,0.353259742,0.464969933,-0.019865578,0.366317153,0.463409096,-0.020192351,0.377285987,0.465737224,-0.019311540
2025-11-27T00:40:55Z|1.301s,video,0.323452383,0.859356046,0.000000082,0.342561126,0.873801947,-0.016313357,0.356119663,0.907885075,-0.024905279,0.363731712,0.939463079,-0.029729329,0.369264096,0.964718997,-0.033773709,0.327056199,0.913819969,-0.029388921,0.329229861,0.960167408,-0.039357223,0.333680689,0.988635004,-0.043867789,0.338993162,1.008143067,-0.045898151,0.313972503,0.916682482,-0.024257399,0.315340370,0.962840974,-0.032696828,0.320944399,0.991433263,-0.035470616,0.326542795,1.010414004,-0.037042983,0.305413604,0.919115007,-0.019514628,0.307124645,0.961255133,-0.026736684,0.313369513,0.986038446,-0.028444694,0.319360793,1.002432942,-0.028637916,0.300600886,0.921240389,-0.015605876,0.302817494,0.955519736,-0.021868389,0.307642341,0.976094425,-0.023514619,0.313201278,0.988909125,-0.023629373
2025-11-27T00:41:13Z|2.703s,video,0.344591349,0.583509207,0.000000120,0.361255258,0.557953298,-0.008169199,0.369424284,0.525018573,-0.012887074,0.376740187,0.497156233,-0.018615790,0.379114270,0.471958309,-0.023741741,0.345828474,0.496802390,0.000761431,0.351815224,0.480232596,-0.014416569,0.359728754,0.484905243,-0.027338579,0.365768015,0.495613009,-0.033250161,0.332136989,0.490870476,-0.002297647,0.330410957,0.446524978,-0.009929052,0.331457824,0.417684376,-0.015976224,0.333727717,0.393973321,-0.019178001,0.319044888,0.493719488,-0.008352574,0.316542208,0.450911909,-0.016447388,0.318632603,0.423138350,-0.019963844,0.322270066,0.400431365,-0.020876821,0.306696504,0.505405486,-0.015617944,0.301513135,0.474324167,-0.020520760,0.300652295,0.452771276,-0.019115647,0.301765919,0.434987456,-0.017010903
2025-11-27T00:41:14Z|2.803s,video,0.356743753,0.553031683,0.000000297,0.350606561,0.543009222,-0.020173036,0.343368948,0.530213237,-0.034324829,0.337867916,0.515685737,-0.045483295,0.336841136,0.500927925,-0.056701854,0.349569887,0.476855755,-0.028545799,0.344789982,0.434065372,-0.041366514,0.344300300,0.403309941,-0.051191501,0.345209658,0.377900809,-0.057661135,0.353854448,0.467000693,-0.023306901,0.351358145,0.422128737,-0.035337146,0.351133019,0.389062941,-0.044383381,0.353028566,0.361772209,-0.050830703,0.356633693,0.459935397,-0.018970974,0.353913456,0.418768466,-0.028616207,0.352788836,0.386621267,-0.034922406,0.354596078,0.360451698,-0.039080363,0.356261164,0.456348896,-0.016054947,0.356158227,0.422886401,-0.022533126,0.357919186,0.399025530,-0.025629431,0.361111790,0.378181398,-0.027702563
2025-11-27T00:41:16Z|2.903s,video,0.359030545,0.526323080,0.000000298,0.372025490,0.486148000,-0.004388425,0.378504604,0.446728438,-0.008468225,0.386075616,0.415328324,-0.013376660,0.397696614,0.389610827,-0.018225906,0.352301806,0.433146477,0.001000132,0.354666620,0.392831683,-0.005447553,0.359677374,0.363395780,-0.012667853,0.363784790,0.338637590,-0.017947048,0.347799301,0.433354735,-0.000691064,0.354517609,0.392972946,-0.006345883,0.360390902,0.361924231,-0.014118762,0.366955161,0.337074876,-0.020076763,0.347481638,0.435374737,-0.003185658,0.354440540,0.395686179,-0.008294300,0.359710366,0.365893960,-0.012980440,0.365688175,0.343115121,-0.016410965,0.349937588,0.439653188,-0.006239658,0.356398046,0.408267677,-0.009178870,0.363541573,0.386899501,-0.010134084,0.371006608,0.370099187,-0.010913419
2025-11-27T00:41:18Z|0.000s,video,0.304289222,0.536354780,0.000000214,0.335362762,0.490841866,-0.000362492,0.352121502,0.428347439,-0.001997354,0.365371495,0.384223312,-0.006692063,0.377175033,0.356358081,-0.012516788,0.319215328,0.375425726,0.000443203,0.335450083,0.320627898,-0.015752437,0.355361879,0.294423461,-0.030374801,0.373717546,0.275469840,-0.040463913,0.307127088,0.367879212,-0.011889154,0.317511201,0.293900847,-0.027636979,0.327869266,0.242014229,-0.042500217,0.336815774,0.196290344,-0.052722279,0.292416811,0.373377889,-0.026285687,0.290776074,0.294800878,-0.045654502,0.293834835,0.237476066,-0.060971551,0.298086077,0.188293383,-0.070474654,0.276611418,0.391519845,-0.040438559,0.253740489,0.336515397,-0.059342176,0.240392804,0.293564469,-0.069270313,0.231447726,0.254008532,-0.075481996
2025-11-27T00:41:20Z|0.120s,video,0.286293089,0.481917143,0.000000326,0.322340220,0.407667816,0.014352730,0.339623004,0.344013840,0.018071882,0.356494457,0.304130435,0.013285329,0.374342471,0.268403441,0.008253295,0.294076502,0.295955420,0.032043912,0.322181165,0.250298649,0.017999308,0.353067756,0.242744282,0.000612820,0.381102711,0.240701869,-0.010455372,0.286586016,0.289439797,0.012607838,0.291358829,0.228738070,0.003859004,0.305540651,0.178859413,-0.010757391,0.320109665,0.140821069,-0.022478398,0.278163046,0.296230257,-0.009782124,0.268898100,0.231510371,-0.019747036,0.270588189,0.181188777,-0.031667944,0.275004297,0.141396478,-0.040644921,0.272882491,0.313761652,-0.032294258,0.249952316,0.261289120,-0.042957503,0.233764172,0.218395188,-0.048663568,0.222634465,0.181433067,-0.052795727
2025-11-27T00:41:22Z|0.240s,video,0.291914225,0.437043607,0.000000282,0.325925201,0.376708895,0.014580191,0.340563595,0.313337922,0.017665125,0.354699731,0.274166316,0.012817795,0.373725027,0.246329024,0.007898453,0.296382517,0.259010494,0.027572056,0.331293315,0.216467470,0.011032604,0.363372654,0.218762815,-0.005939498,0.389245868,0.229223222,-0.015334327,0.288474113,0.246255100,0.007513933,0.304676205,0.171833187,-0.001950184,0.323475599,0.119171366,-0.013607191,0.340295017,0.078995883,-0.022342995,0.278731883,0.248740539,-0.015769798,0.271059990,0.174292147,-0.026446657,0.274141818,0.118567169,-0.038380601,0.278792560,0.074378431,-0.047145266,0.270964473,0.263190448,-0.038929772,0.243313625,0.203707591,-0.048300866,0.226171106,0.158105746,-0.053506747,0.214424193,0.118036732,-0.057997275
2025-11-27T00:41:24Z|0.360s,video,0.296467215,0.422469467,0.000000164,0.330390304,0.374712706,0.010130044,0.344997078,0.310362875,0.011367833,0.356493622,0.268985391,0.006214389,0.373398155,0.240599796,0.000164232,0.304963112,0.252437085,0.016889669,0.337676972,0.217589974,0.001139269,0.366758108,0.217203230,-0.014566831,0.389211327,0.221804142,-0.024590913,0.295282573,0.236726776,-0.002351510,0.312510997,0.155368418,-0.013686258,0.328389823,0.099989071,-0.026071228,0.340602160,0.055375010,-0.035295818,0.282498866,0.237306982,-0.024297688,0.277300626,0.149369076,-0.039570354,0.281394869,0.086186379,-0.055204123,0.285696566,0.033157870,-0.065897726,0.271169662,0.250436604,-0.045644414,0.240904585,0.187063664,-0.059590958,0.225588664,0.140496686,-0.067147180,0.215973437,0.098780602,-0.073020160
2025-11-27T00:41:26Z|0.480s,video,0.297380149,0.430957556,0.000000078,0.331456572,0.380231827,0.012068372,0.344649553,0.317906618,0.012868825,0.357626081,0.276021868,0.006491388,0.375359476,0.244438052,-0.000745917,0.307706475,0.256532133,0.018097186,0.339491248,0.219610557,0.001303179,0.368292958,0.224709377,-0.015119940,0.389945447,0.232825235,-0.025318636,0.298201650,0.241048172,-0.002642535,0.317014217,0.158902720,-0.014467341,0.332867175,0.104050383,-0.027371073,0.344942212,0.057317153,-0.037106082,0.284641623,0.241479829,-0.026105165,0.282709002,0.151836023,-0.042059284,0.287807435,0.088992223,-0.058467243,0.293149024,0.035381362,-0.069722228,0.272905529,0.254916906,-0.048714004,0.241130188,0.191026628,-0.062438942,0.225220785,0.144423410,-0.069867887,0.216063857,0.101966575,-0.075851791
2025-11-27T00:41:28Z|0.600s,video,0.296966970,0.437055856,0.000000072,0.331926644,0.383529007,0.011322873,0.344770670,0.319454074,0.012087358,0.358132303,0.276527226,0.006112226,0.376397729,0.244999975,-0.000792576,0.309547096,0.257182002,0.017511237,0.338427603,0.222349137,0.002435240,0.366441518,0.224604562,-0.012956747,0.386912704,0.226347879,-0.023184765,0.299809754,0.243622288,-0.002872050,0.319196969,0.163759649,-0.015391280,0.335748613,0.111199751,-0.028857680,0.347964317,0.066903830,-0.038752630,0.286538064,0.245191231,-0.025858419,0.285994619,0.157435566,-0.043077111,0.291996956,0.091781229,-0.060748618,0.297823966,0.036326110,-0.072678365,0.274389058,0.259484768,-0.047880448,0.241793722,0.193822876,-0.063206218,0.224646926,0.145682648,-0.072021596,0.214155495,0.101756424,-0.078886963
2025-11-27T00:41:30Z|0.720s,video,0.297833681,0.436792552,0.000000130,0.332853436,0.387097776,0.007770422,0.346252978,0.323418379,0.007736072,0.359963357,0.280161560,0.001469958,0.376185298,0.246510595,-0.005227370,0.306830376,0.260091305,0.015291311,0.339562535,0.225477874,-0.002286856,0.369359463,0.226941645,-0.019226028,0.391791821,0.230718374,-0.029803995,0.297020942,0.243957222,-0.003414641,0.314184368,0.160648733,-0.016172295,0.329543382,0.104974255,-0.029300518,0.341093868,0.058202893,-0.038950361,0.283932686,0.244194657,-0.025248675,0.278480232,0.156890109,-0.042118039,0.282369673,0.094392270,-0.058153238,0.286477923,0.040603623,-0.068828844,0.272399932,0.257992506,-0.046715666,0.241794154,0.193684965,-0.061170533,0.225633204,0.146376491,-0.068467043,0.215738773,0.102896020,-0.074110165
2025-11-27T00:41:32Z|0.840s,video,0.296136528,0.440258682,0.000000104,0.330525577,0.388833672,0.012486262,0.343115747,0.327550083,0.013660537,0.356421679,0.287457556,0.007486844,0.374066651,0.256261975,0.000346606,0.304593474,0.263431579,0.019593665,0.337806880,0.227272257,0.002919171,0.367954582,0.227675751,-0.013627103,0.391605407,0.230960086,-0.024150152,0.295900643,0.247498780,-0.001886843,0.314228743,0.163653404,-0.014126728,0.330584258,0.108273908,-0.027082585,0.343801558,0.061315924,-0.036763337,0.283292234,0.247889906,-0.026207792,0.279488713,0.158344671,-0.042265553,0.284537941,0.094945192,-0.057873253,0.289925247,0.039378658,-0.068590537,0.271959692,0.261565745,-0.049840130,0.240466058,0.195914000,-0.063526839,0.224727318,0.147866398,-0.070311740,0.215469360,0.102632329,-0.075913854
2025-11-27T00:41:34Z|0.960s,video,0.297427237,0.439669847,0.000000109,0.332881957,0.387703538,0.007906452,0.345872313,0.322473258,0.007622813,0.359277934,0.279005736,0.001267677,0.377105027,0.246655688,-0.005677484,0.309182256,0.260675341,0.014700661,0.339131445,0.223833680,-0.002351146,0.367140621,0.225101203,-0.018671859,0.389010012,0.227428496,-0.029185276,0.298620075,0.245806724,-0.004080684,0.317430854,0.162214816,-0.018003387,0.333596885,0.109468177,-0.031448402,0.346724033,0.063246936,-0.040869486,0.285026193,0.246869102,-0.025930485,0.280948341,0.159191802,-0.044297490,0.286217272,0.095977783,-0.061481383,0.292206675,0.039983526,-0.072606295,0.273193181,0.261206716,-0.047220863,0.240114287,0.196986884,-0.062867329,0.222149566,0.150204167,-0.071275912,0.210969031,0.105858624,-0.077670380
2025-11-27T00:41:36Z|1.080s,video,0.297287941,0.440369904,0.000000120,0.331844002,0.390857667,0.006711074,0.345161796,0.326191634,0.006248676,0.358635038,0.282388538,-0.000131979,0.375906318,0.248295292,-0.007004094,0.307478428,0.262135208,0.014411394,0.339169919,0.226016358,-0.003348911,0.367926240,0.226293132,-0.020412065,0.390382588,0.229149550,-0.031211754,0.297923088,0.246649474,-0.003820632,0.316562951,0.163271338,-0.017329656,0.332254201,0.109005645,-0.030916784,0.344904363,0.061657950,-0.040749054,0.284819961,0.247116700,-0.025260063,0.282001734,0.157687604,-0.043308016,0.287358016,0.095883459,-0.059852861,0.293115854,0.041570008,-0.070606582,0.272829056,0.261107653,-0.046302363,0.241578937,0.195790112,-0.061656311,0.225272238,0.147971943,-0.069470018,0.215462297,0.103537798,-0.075394548
2025-11-27T00:41:38Z|1.200s,video,0.296971887,0.440373957,0.000000092,0.332850099,0.389555454,0.008688480,0.345791876,0.326423287,0.008949077,0.357912719,0.284680426,0.002813477,0.374949485,0.252777696,-0.003959935,0.307084143,0.262115270,0.015962889,0.339900762,0.225922525,-0.001221680,0.368755043,0.227694005,-0.017640484,0.391319126,0.232288256,-0.028015638,0.297449797,0.246727899,-0.003233896,0.316440940,0.164087817,-0.016246218,0.332563490,0.111132771,-0.029304482,0.345951647,0.065575823,-0.038897328,0.284379661,0.247169316,-0.025505744,0.282845378,0.158069417,-0.042713966,0.290029138,0.096391708,-0.058773082,0.297343433,0.042337343,-0.069472775,0.272630930,0.260777295,-0.047282640,0.242008805,0.195182607,-0.061923519,0.226332054,0.147147208,-0.069364548,0.217018470,0.102196664,-0.075256884
2025-11-27T00:41:40Z|1.320s,video,0.295436233,0.448996603,0.000000036,0.330584019,0.401677907,0.009702365,0.344407141,0.334540248,0.010479751,0.357755512,0.291029096,0.004868384,0.375722706,0.256521523,-0.001379951,0.307324022,0.271094292,0.015798615,0.338199079,0.230698466,-0.001636996,0.367283314,0.234555051,-0.017871339,0.389473706,0.241520688,-0.027506337,0.298625082,0.257364005,-0.003592753,0.318253249,0.176221415,-0.016306235,0.335289836,0.125892118,-0.029166853,0.348484278,0.082549796,-0.038488407,0.285223067,0.257902026,-0.025978893,0.289468259,0.168546319,-0.043447826,0.300023705,0.106307566,-0.059522923,0.308686733,0.052192852,-0.070059821,0.272878110,0.269770831,-0.047605526,0.243177980,0.201895654,-0.062437635,0.229538262,0.152293041,-0.069820791,0.222459361,0.106649861,-0.075586222
2025-11-27T00:41:42Z|1.440s,video,0.302515537,0.504209042,0.000000073,0.333396107,0.462455571,-0.000497424,0.348206758,0.400609344,-0.004304459,0.362308413,0.353822589,-0.011972904,0.382849753,0.322626233,-0.020820510,0.323495746,0.324025929,0.001516724,0.351764113,0.271632224,-0.017709777,0.375060409,0.253597170,-0.035337932,0.393041819,0.243762553,-0.046960704,0.309382707,0.312045664,-0.013306666,0.321177781,0.222316980,-0.028818779,0.334589124,0.168506116,-0.043560840,0.345153362,0.126798198,-0.054233931,0.292293668,0.316963583,-0.030738829,0.292853922,0.225543171,-0.049796306,0.301240742,0.167115435,-0.064775184,0.310002476,0.120742649,-0.074455701,0.273946345,0.335339040,-0.048225842,0.257753372,0.268428206,-0.064944126,0.252395093,0.219489023,-0.072600804,0.251529515,0.175909042,-0.078224391
2025-11-27T00:41:44Z|1.560s,video,0.318008274,0.577818513,-0.000000027,0.350941569,0.532397807,-0.000376312,0.366117686,0.474972129,-0.004190810,0.380952001,0.434052944,-0.011943790,0.395963371,0.400950521,-0.020195298,0.337187558,0.403336406,0.000476942,0.363665134,0.344958007,-0.016213235,0.387291431,0.343782604,-0.029681023,0.404007107,0.346354306,-0.038109045,0.320874244,0.400112450,-0.014089126,0.330625892,0.315203518,-0.028874310,0.344264716,0.275787771,-0.041074000,0.355026871,0.248086140,-0.049931683,0.302568734,0.411322117,-0.031392377,0.309299231,0.331731349,-0.049641367,0.323777437,0.292776883,-0.061064608,0.337446958,0.264107108,-0.068070985,0.284601063,0.432760179,-0.048885372,0.272655040,0.370617032,-0.064571843,0.270328224,0.326628089,-0.070366673,0.273268908,0.287456363,-0.074589506
